{
  "generated_at": "2026-02-23T18:37:09.172328",
  "data_source": "Grading_pred_anls_enhanced_with_multinov5.xlsx",
  "dataset_summary": {
    "total_rows": 532,
    "unique_articles": 85,
    "total_predictions": 530,
    "human_validated": 86,
    "graded_predictions": 40,
    "past_deadline": 129,
    "true_predictions": 14,
    "false_predictions": 14,
    "partially_true": 12
  },
  "extraction": {
    "total_articles_evaluated": 37,
    "total_gold_predictions": 86,
    "total_system_predictions": 299,
    "true_positives": 86,
    "false_positives": 213,
    "false_negatives": 0,
    "precision": 0.28762541806020064,
    "recall": 1.0,
    "f1": 0.4467532467532467,
    "soft_precision": 0.28762541806020064,
    "soft_recall": 1.0,
    "soft_f1": 0.4467532467532467,
    "avg_verifiability_true_preds": 3.5,
    "avg_verifiability_false_preds": 2.8603603603603602,
    "avg_certainty_true_preds": 3.395348837209302,
    "per_article_f1": [
      0.5333333333333333,
      0.2857142857142857,
      0.5,
      0.6,
      0.25,
      0.11764705882352941,
      0.6666666666666666,
      0.33333333333333337,
      0.8333333333333333,
      0.8,
      0.6,
      0.6666666666666666,
      0.5,
      0.4,
      0.2608695652173913,
      0.5,
      0.8,
      0.2857142857142857,
      0.4615384615384615,
      0.4,
      0.21052631578947367,
      0.2666666666666667,
      0.7777777777777778,
      0.33333333333333337,
      1.0,
      0.4,
      0.6666666666666666,
      0.33333333333333337,
      0.2857142857142857,
      0.5,
      0.2222222222222222,
      0.5714285714285715,
      0.2857142857142857,
      0.2857142857142857,
      0.2222222222222222,
      0.2857142857142857,
      0.6666666666666666
    ]
  },
  "validation": {
    "total_candidates": 530,
    "passed_validation": 530,
    "rejected_by_system": 0,
    "human_confirmed_passed": 86,
    "human_rejected_passed": 444,
    "predictions_with_date": 530,
    "predictions_past_due": 129,
    "avg_deadline_confidence": 0.0,
    "high_verif_score_count": 288,
    "low_verif_score_count": 242,
    "filter_precision": 0.16226415094339622,
    "filter_recall": 1.0,
    "filter_f1": 0.2792207792207792
  },
  "grading": {
    "total_graded": 40,
    "true_count": 14,
    "false_count": 14,
    "partially_true_count": 12,
    "error_count": 0,
    "true_rate": 0.35,
    "false_rate": 0.35,
    "partially_true_rate": 0.3,
    "error_rate": 0.0,
    "past_due_total": 129,
    "past_due_graded": 40,
    "grading_coverage": 0.31007751937984496,
    "human_val_graded": 4,
    "human_vs_gpt_accuracy": -1.0,
    "avg_conf_true_preds": 0.0,
    "avg_conf_false_preds": 0.0,
    "avg_verif_true_preds": 3.642857142857143,
    "avg_verif_false_preds": 3.7142857142857144,
    "label_distribution": {
      "TRUE": 14,
      "FALSE": 14,
      "PARTIALLY_TRUE": 12,
      "ERROR": 0
    }
  },
  "agreement": {
    "total_graded": 40,
    "claude_yes": 25,
    "claude_no": 7,
    "claude_partially": 3,
    "claude_error": 5,
    "claude_agreement_rate": 0.625,
    "gemini_yes": 31,
    "gemini_no": 8,
    "gemini_partially": 1,
    "gemini_error": 0,
    "gemini_agreement_rate": 0.775,
    "all_agree": 23,
    "all_disagree": 3,
    "split": 14,
    "consensus_rate": 0.575,
    "agreement_by_label": {
      "TRUE": {
        "n": 14,
        "claude_yes_rate": 0.7857142857142857,
        "gemini_yes_rate": 0.8571428571428571
      },
      "FALSE": {
        "n": 14,
        "claude_yes_rate": 0.6428571428571429,
        "gemini_yes_rate": 0.9285714285714286
      },
      "PARTIALLY_TRUE": {
        "n": 12,
        "claude_yes_rate": 0.4166666666666667,
        "gemini_yes_rate": 0.5
      }
    },
    "cohen_kappa_claude_gpt": 0.0,
    "cohen_kappa_gemini_gpt": 0.0,
    "cohen_kappa_claude_gemini": 0.318181818181818
  },
  "reliability": {
    "total_predictions": 530,
    "grading_error_rate": 0.0,
    "claude_error_rate": 0.125,
    "gemini_error_rate": 0.0,
    "any_error_rate": 0.009433962264150943,
    "grading_coverage_rate": 0.31007751937984496,
    "claude_coverage_rate": 0.875,
    "gemini_coverage_rate": 1.0,
    "deadline_coverage": 1.0,
    "avg_deadline_confidence": 0.0,
    "verif_certainty_corr": 0.15805431282885674,
    "articles_with_zero_preds": 2,
    "avg_preds_per_article": 6.385542168674699,
    "max_preds_per_article": 20
  }
}